Daily activity on Thu Mar 27 16:04:13 UTC 2025
Daily activity on Thu Mar 27 20:53:29 UTC 2025
Daily activity on Thu Mar 27 20:55:16 UTC 2025
Daily activity on Fri Mar 28 06:28:09 UTC 2025
Daily activity on Sat Mar 29 06:26:04 UTC 2025
Daily activity on Sun Mar 30 06:26:35 UTC 2025
Daily activity on Mon Mar 31 06:29:32 UTC 2025
Daily activity on Tue Apr  1 06:29:46 UTC 2025
Daily activity on Wed Apr  2 06:28:39 UTC 2025
Daily activity on Thu Apr  3 06:29:00 UTC 2025
Daily activity on Fri Apr  4 06:28:26 UTC 2025
Daily activity on Sat Apr  5 06:26:10 UTC 2025
Daily activity on Sun Apr  6 06:26:58 UTC 2025
Daily activity on Mon Apr  7 06:29:23 UTC 2025
Daily activity on Tue Apr  8 06:29:27 UTC 2025
Daily activity on Wed Apr  9 06:29:28 UTC 2025
Daily activity on Thu Apr 10 06:29:06 UTC 2025
Daily activity on Fri Apr 11 06:28:52 UTC 2025
Daily activity on Sat Apr 12 06:26:02 UTC 2025
Daily activity on Sun Apr 13 06:26:59 UTC 2025
Daily activity on Mon Apr 14 06:30:43 UTC 2025
Daily activity on Tue Apr 15 06:29:06 UTC 2025
Daily activity on Wed Apr 16 06:29:08 UTC 2025
Daily activity on Thu Apr 17 06:28:55 UTC 2025
Daily activity on Fri Apr 18 06:28:45 UTC 2025
Daily activity on Sat Apr 19 06:26:30 UTC 2025
Daily activity on Sun Apr 20 06:27:01 UTC 2025
Daily activity on Mon Apr 21 06:29:06 UTC 2025
Daily activity on Tue Apr 22 06:29:09 UTC 2025
Daily activity on Wed Apr 23 06:29:12 UTC 2025
Daily activity on Thu Apr 24 06:29:49 UTC 2025
Daily activity on Fri Apr 25 06:29:25 UTC 2025
Daily activity on Sat Apr 26 06:26:35 UTC 2025
Daily activity on Sun Apr 27 06:26:56 UTC 2025
Daily activity on Mon Apr 28 06:36:25 UTC 2025
Daily activity on Tue Apr 29 06:29:57 UTC 2025
Daily activity on Wed Apr 30 06:29:44 UTC 2025
Daily activity on Thu May  1 06:30:11 UTC 2025
Daily activity on Fri May  2 06:29:23 UTC 2025
Daily activity on Sat May  3 06:27:04 UTC 2025
Daily activity on Sun May  4 06:27:47 UTC 2025
Daily activity on Mon May  5 06:30:52 UTC 2025
Daily activity on Tue May  6 06:29:43 UTC 2025
Daily activity on Wed May  7 06:30:06 UTC 2025
Daily activity on Thu May  8 06:30:36 UTC 2025
Daily activity on Fri May  9 06:30:16 UTC 2025
Daily activity on Sat May 10 06:26:53 UTC 2025
Daily activity on Sun May 11 06:27:37 UTC 2025
Daily activity on Mon May 12 06:31:31 UTC 2025
Daily activity on Tue May 13 06:30:06 UTC 2025
Daily activity on Wed May 14 06:30:13 UTC 2025
Daily activity on Thu May 15 06:30:53 UTC 2025
Daily activity on Fri May 16 06:30:47 UTC 2025
Daily activity on Sat May 17 06:27:23 UTC 2025
Daily activity on Sun May 18 06:28:44 UTC 2025
Daily activity on Mon May 19 06:31:36 UTC 2025
Daily activity on Tue May 20 06:31:02 UTC 2025
Daily activity on Wed May 21 06:30:55 UTC 2025
Daily activity on Thu May 22 06:30:36 UTC 2025
Daily activity on Fri May 23 06:30:06 UTC 2025
Daily activity on Sat May 24 06:27:08 UTC 2025
Daily activity on Sun May 25 06:27:49 UTC 2025
Daily activity on Mon May 26 06:31:45 UTC 2025
Daily activity on Tue May 27 06:30:24 UTC 2025
Daily activity on Wed May 28 06:30:35 UTC 2025
Daily activity on Thu May 29 06:31:05 UTC 2025
Daily activity on Fri May 30 06:30:12 UTC 2025
Daily activity on Sat May 31 06:28:11 UTC 2025
Daily activity on Sun Jun  1 06:29:18 UTC 2025
Daily activity on Mon Jun  2 06:32:47 UTC 2025
Daily activity on Tue Jun  3 06:32:16 UTC 2025
Daily activity on Wed Jun  4 06:31:26 UTC 2025
Daily activity on Thu Jun  5 06:32:14 UTC 2025
Daily activity on Fri Jun  6 06:32:03 UTC 2025
Daily activity on Sat Jun  7 06:28:31 UTC 2025
Daily activity on Sun Jun  8 06:30:00 UTC 2025
Daily activity on Mon Jun  9 06:33:11 UTC 2025
Daily activity on Tue Jun 10 06:31:22 UTC 2025
Daily activity on Wed Jun 11 06:31:23 UTC 2025
Daily activity on Thu Jun 12 06:31:48 UTC 2025
Daily activity on Fri Jun 13 06:31:38 UTC 2025
Daily activity on Sat Jun 14 06:28:14 UTC 2025
Daily activity on Sun Jun 15 06:28:50 UTC 2025
Daily activity on Mon Jun 16 06:33:28 UTC 2025
Daily activity on Tue Jun 17 06:31:50 UTC 2025
Daily activity on Wed Jun 18 06:31:48 UTC 2025
Daily activity on Thu Jun 19 06:31:45 UTC 2025
Daily activity on Fri Jun 20 06:31:26 UTC 2025
Daily activity on Sat Jun 21 06:28:49 UTC 2025
Daily activity on Sun Jun 22 06:29:31 UTC 2025
Daily activity on Mon Jun 23 06:33:42 UTC 2025
Daily activity on Tue Jun 24 06:32:48 UTC 2025
Daily activity on Wed Jun 25 06:32:52 UTC 2025
Daily activity on Thu Jun 26 06:32:38 UTC 2025
Daily activity on Fri Jun 27 06:32:11 UTC 2025
Daily activity on Sat Jun 28 06:28:56 UTC 2025
Daily activity on Sun Jun 29 06:30:16 UTC 2025
Daily activity on Mon Jun 30 06:33:32 UTC 2025
Daily activity on Tue Jul  1 06:33:09 UTC 2025
Daily activity on Wed Jul  2 06:32:43 UTC 2025
Daily activity on Thu Jul  3 06:32:57 UTC 2025
Daily activity on Fri Jul  4 06:32:51 UTC 2025
Daily activity on Sat Jul  5 06:29:27 UTC 2025
Daily activity on Sun Jul  6 06:30:26 UTC 2025
Daily activity on Mon Jul  7 06:34:11 UTC 2025
Daily activity on Tue Jul  8 06:33:12 UTC 2025
Daily activity on Wed Jul  9 06:32:53 UTC 2025
Daily activity on Thu Jul 10 06:33:36 UTC 2025
Daily activity on Fri Jul 11 06:33:21 UTC 2025
Daily activity on Sat Jul 12 06:30:29 UTC 2025
Daily activity on Sun Jul 13 06:31:15 UTC 2025
Daily activity on Mon Jul 14 06:35:16 UTC 2025
Daily activity on Tue Jul 15 06:34:37 UTC 2025
Daily activity on Wed Jul 16 06:34:29 UTC 2025
Daily activity on Thu Jul 17 06:34:04 UTC 2025
Daily activity on Fri Jul 18 06:34:06 UTC 2025
Daily activity on Sat Jul 19 06:31:27 UTC 2025
Daily activity on Sun Jul 20 06:31:22 UTC 2025
Daily activity on Mon Jul 21 06:34:50 UTC 2025
Daily activity on Tue Jul 22 06:34:26 UTC 2025
Daily activity on Wed Jul 23 06:34:46 UTC 2025
Daily activity on Thu Jul 24 06:35:13 UTC 2025
Daily activity on Fri Jul 25 06:34:58 UTC 2025
Daily activity on Sat Jul 26 06:32:18 UTC 2025
Daily activity on Sun Jul 27 06:32:57 UTC 2025
Daily activity on Mon Jul 28 06:37:02 UTC 2025
Daily activity on Tue Jul 29 06:35:42 UTC 2025
Daily activity on Wed Jul 30 06:36:36 UTC 2025
Daily activity on Thu Jul 31 06:35:14 UTC 2025
Daily activity on Fri Aug  1 06:36:22 UTC 2025
Daily activity on Sat Aug  2 06:31:35 UTC 2025
Daily activity on Sun Aug  3 06:32:10 UTC 2025
Daily activity on Mon Aug  4 06:40:52 UTC 2025
Daily activity on Tue Aug  5 06:36:49 UTC 2025
Daily activity on Wed Aug  6 06:37:12 UTC 2025
Daily activity on Thu Aug  7 06:36:42 UTC 2025
Daily activity on Fri Aug  8 06:36:33 UTC 2025
Daily activity on Sat Aug  9 06:32:04 UTC 2025
Daily activity on Sun Aug 10 06:31:53 UTC 2025
Daily activity on Mon Aug 11 06:36:16 UTC 2025
Daily activity on Tue Aug 12 06:33:49 UTC 2025
Daily activity on Wed Aug 13 06:33:56 UTC 2025
Daily activity on Thu Aug 14 06:34:12 UTC 2025
Daily activity on Fri Aug 15 06:33:24 UTC 2025
Daily activity on Sat Aug 16 06:30:22 UTC 2025
Daily activity on Sun Aug 17 06:31:15 UTC 2025
Daily activity on Mon Aug 18 06:35:55 UTC 2025
Daily activity on Tue Aug 19 06:32:40 UTC 2025
Daily activity on Wed Aug 20 06:32:34 UTC 2025
Daily activity on Thu Aug 21 06:40:40 UTC 2025
Daily activity on Fri Aug 22 06:32:03 UTC 2025
Daily activity on Sat Aug 23 06:28:27 UTC 2025
Daily activity on Sun Aug 24 06:29:47 UTC 2025
Daily activity on Mon Aug 25 06:33:54 UTC 2025
Daily activity on Tue Aug 26 06:32:32 UTC 2025
Daily activity on Wed Aug 27 06:30:00 UTC 2025
Daily activity on Thu Aug 28 06:31:18 UTC 2025
Daily activity on Fri Aug 29 06:30:36 UTC 2025
Daily activity on Sat Aug 30 06:27:19 UTC 2025
Daily activity on Sun Aug 31 06:28:07 UTC 2025
Daily activity on Mon Sep  1 06:34:04 UTC 2025
Daily activity on Tue Sep  2 06:31:59 UTC 2025
Daily activity on Wed Sep  3 06:29:06 UTC 2025
Daily activity on Thu Sep  4 06:29:50 UTC 2025
Daily activity on Fri Sep  5 06:30:12 UTC 2025
Daily activity on Sat Sep  6 06:26:43 UTC 2025
Daily activity on Sun Sep  7 06:27:00 UTC 2025
Daily activity on Mon Sep  8 06:31:58 UTC 2025
Daily activity on Tue Sep  9 06:31:04 UTC 2025
Daily activity on Wed Sep 10 06:30:09 UTC 2025
Daily activity on Thu Sep 11 06:30:32 UTC 2025
Daily activity on Fri Sep 12 06:30:09 UTC 2025
Daily activity on Sat Sep 13 06:26:41 UTC 2025
Daily activity on Sun Sep 14 06:27:09 UTC 2025
Daily activity on Mon Sep 15 06:32:04 UTC 2025
Daily activity on Tue Sep 16 06:30:56 UTC 2025
Daily activity on Wed Sep 17 06:30:35 UTC 2025
Daily activity on Thu Sep 18 06:30:16 UTC 2025
Daily activity on Fri Sep 19 06:30:10 UTC 2025
Daily activity on Sat Sep 20 06:27:44 UTC 2025
Daily activity on Sun Sep 21 06:29:08 UTC 2025
Daily activity on Mon Sep 22 06:32:23 UTC 2025
Daily activity on Tue Sep 23 06:31:06 UTC 2025
Daily activity on Wed Sep 24 06:30:40 UTC 2025
Daily activity on Thu Sep 25 06:31:34 UTC 2025
Daily activity on Fri Sep 26 06:30:39 UTC 2025
Daily activity on Sat Sep 27 06:26:34 UTC 2025
Daily activity on Sun Sep 28 06:28:16 UTC 2025
Daily activity on Mon Sep 29 06:32:39 UTC 2025
Daily activity on Tue Sep 30 06:31:51 UTC 2025
Daily activity on Wed Oct  1 06:31:12 UTC 2025
Daily activity on Thu Oct  2 06:30:16 UTC 2025
Daily activity on Fri Oct  3 06:29:45 UTC 2025
Daily activity on Sat Oct  4 06:27:28 UTC 2025
Daily activity on Sun Oct  5 06:27:24 UTC 2025
Daily activity on Mon Oct  6 06:31:37 UTC 2025
Daily activity on Tue Oct  7 06:30:44 UTC 2025
Daily activity on Wed Oct  8 06:31:24 UTC 2025
Daily activity on Thu Oct  9 06:31:32 UTC 2025
Daily activity on Fri Oct 10 06:31:12 UTC 2025
Daily activity on Sat Oct 11 06:27:23 UTC 2025
Daily activity on Sun Oct 12 06:27:50 UTC 2025
Daily activity on Mon Oct 13 06:33:05 UTC 2025
Daily activity on Tue Oct 14 06:30:59 UTC 2025
Daily activity on Wed Oct 15 06:31:29 UTC 2025
Daily activity on Thu Oct 16 06:31:13 UTC 2025
Daily activity on Fri Oct 17 06:30:40 UTC 2025
Daily activity on Sat Oct 18 06:28:17 UTC 2025
Daily activity on Sun Oct 19 06:29:24 UTC 2025
Daily activity on Mon Oct 20 06:32:33 UTC 2025
Daily activity on Tue Oct 21 06:31:35 UTC 2025
Daily activity on Wed Oct 22 06:32:29 UTC 2025
Daily activity on Thu Oct 23 06:31:56 UTC 2025
Daily activity on Fri Oct 24 06:30:30 UTC 2025
Daily activity on Sat Oct 25 06:28:14 UTC 2025
Daily activity on Sun Oct 26 06:29:13 UTC 2025
Daily activity on Mon Oct 27 06:35:11 UTC 2025
Daily activity on Tue Oct 28 06:33:10 UTC 2025
Daily activity on Wed Oct 29 06:33:35 UTC 2025
Daily activity on Thu Oct 30 06:31:44 UTC 2025
Daily activity on Fri Oct 31 06:32:16 UTC 2025
Daily activity on Sat Nov  1 06:28:54 UTC 2025
Daily activity on Sun Nov  2 06:30:27 UTC 2025
Daily activity on Mon Nov  3 06:33:57 UTC 2025
Daily activity on Tue Nov  4 06:33:07 UTC 2025
Daily activity on Wed Nov  5 06:32:33 UTC 2025
Daily activity on Thu Nov  6 06:32:50 UTC 2025
Daily activity on Fri Nov  7 06:32:34 UTC 2025
Daily activity on Sat Nov  8 06:29:19 UTC 2025
Daily activity on Sun Nov  9 06:29:40 UTC 2025
Daily activity on Mon Nov 10 06:34:30 UTC 2025
Daily activity on Tue Nov 11 06:33:08 UTC 2025
Daily activity on Wed Nov 12 06:33:32 UTC 2025
Daily activity on Thu Nov 13 06:33:18 UTC 2025
Daily activity on Fri Nov 14 06:32:50 UTC 2025
Daily activity on Sat Nov 15 06:29:47 UTC 2025
Daily activity on Sun Nov 16 06:30:44 UTC 2025
Daily activity on Mon Nov 17 06:33:53 UTC 2025
Daily activity on Tue Nov 18 06:32:43 UTC 2025
Daily activity on Wed Nov 19 06:32:52 UTC 2025
Daily activity on Thu Nov 20 06:32:12 UTC 2025
Daily activity on Fri Nov 21 06:33:57 UTC 2025
Daily activity on Sat Nov 22 06:29:27 UTC 2025
Daily activity on Sun Nov 23 06:31:11 UTC 2025
Daily activity on Mon Nov 24 06:34:21 UTC 2025
Daily activity on Tue Nov 25 06:35:07 UTC 2025
Daily activity on Wed Nov 26 06:34:10 UTC 2025
Daily activity on Thu Nov 27 06:35:03 UTC 2025
Daily activity on Fri Nov 28 06:34:21 UTC 2025
Daily activity on Sat Nov 29 06:31:29 UTC 2025
Daily activity on Sun Nov 30 06:32:44 UTC 2025
Daily activity on Mon Dec  1 06:36:37 UTC 2025
Daily activity on Tue Dec  2 06:35:19 UTC 2025
Daily activity on Wed Dec  3 06:35:21 UTC 2025
Daily activity on Thu Dec  4 06:35:05 UTC 2025
Daily activity on Fri Dec  5 06:35:26 UTC 2025
Daily activity on Sat Dec  6 06:31:11 UTC 2025
Daily activity on Sun Dec  7 06:30:55 UTC 2025
Daily activity on Mon Dec  8 06:37:47 UTC 2025
Daily activity on Tue Dec  9 06:35:41 UTC 2025
Daily activity on Wed Dec 10 06:36:02 UTC 2025
Daily activity on Thu Dec 11 06:37:04 UTC 2025
Daily activity on Fri Dec 12 06:38:06 UTC 2025
Daily activity on Sat Dec 13 06:33:22 UTC 2025
Daily activity on Sun Dec 14 06:32:54 UTC 2025
Daily activity on Mon Dec 15 06:38:48 UTC 2025
Daily activity on Tue Dec 16 06:36:59 UTC 2025
Daily activity on Wed Dec 17 06:37:02 UTC 2025
Daily activity on Thu Dec 18 06:36:48 UTC 2025
Daily activity on Fri Dec 19 06:35:03 UTC 2025
Daily activity on Sat Dec 20 06:33:37 UTC 2025
Daily activity on Sun Dec 21 06:33:34 UTC 2025
Daily activity on Mon Dec 22 06:38:23 UTC 2025
Daily activity on Tue Dec 23 06:37:00 UTC 2025
Daily activity on Wed Dec 24 06:37:01 UTC 2025
Daily activity on Thu Dec 25 06:36:27 UTC 2025
Daily activity on Fri Dec 26 06:35:57 UTC 2025
Daily activity on Sat Dec 27 06:34:22 UTC 2025
Daily activity on Sun Dec 28 06:34:24 UTC 2025
Daily activity on Mon Dec 29 06:39:00 UTC 2025
Daily activity on Tue Dec 30 06:36:50 UTC 2025
Daily activity on Wed Dec 31 06:37:08 UTC 2025
Daily activity on Thu Jan  1 06:37:02 UTC 2026
Daily activity on Fri Jan  2 06:37:19 UTC 2026
Daily activity on Sat Jan  3 06:34:18 UTC 2026
Daily activity on Sun Jan  4 06:35:19 UTC 2026
Daily activity on Mon Jan  5 06:42:07 UTC 2026
Daily activity on Tue Jan  6 06:38:21 UTC 2026
Daily activity on Wed Jan  7 06:37:40 UTC 2026
Daily activity on Thu Jan  8 06:37:40 UTC 2026
Daily activity on Fri Jan  9 06:37:43 UTC 2026
Daily activity on Sat Jan 10 06:33:45 UTC 2026
Daily activity on Sun Jan 11 06:35:19 UTC 2026
Daily activity on Mon Jan 12 06:40:20 UTC 2026
Daily activity on Tue Jan 13 06:38:01 UTC 2026
Daily activity on Wed Jan 14 06:37:38 UTC 2026
Daily activity on Thu Jan 15 06:37:28 UTC 2026
Daily activity on Fri Jan 16 06:37:55 UTC 2026
Daily activity on Sat Jan 17 06:34:00 UTC 2026
Daily activity on Sun Jan 18 06:34:39 UTC 2026
Daily activity on Mon Jan 19 06:42:05 UTC 2026
Daily activity on Tue Jan 20 06:39:46 UTC 2026
Daily activity on Wed Jan 21 06:39:53 UTC 2026
Daily activity on Thu Jan 22 06:39:06 UTC 2026
Daily activity on Fri Jan 23 06:38:37 UTC 2026
Daily activity on Sat Jan 24 06:35:11 UTC 2026
Daily activity on Sun Jan 25 06:35:45 UTC 2026
Daily activity on Mon Jan 26 06:40:40 UTC 2026
Daily activity on Tue Jan 27 06:39:15 UTC 2026
Daily activity on Wed Jan 28 06:39:40 UTC 2026
Daily activity on Thu Jan 29 06:52:15 UTC 2026
